id_recurso,slug,titulo,autoria,anio,tipo_material,acceso,fuente_url,resumen,unidad_principal,unidades_relacionadas,niveles,estado_editorial
HIST2_0001,dictadura-porfirista,La dictadura porfirista,No identificada en el PDF consultado,2015,Exposición histórica digital,Abierto,https://www.inehrm.gob.mx/es/inehrm/La_Dictadura_Porfirista,"La exposición explica el ascenso de Porfirio Díaz desde sus conflictos con Juárez y Lerdo de Tejada, su llegada al poder mediante Tuxtepec y la consolidación de un régimen personalista. Relaciona pacificación, positivismo y orden y progreso con modernización económica, pero contrapone sus beneficios a desigualdad, concentración de riqueza, pérdida de libertades y represión. Documenta la conciliación con la Iglesia, la oposición y las reelecciones. Cierra con la crisis electoral de 1910, el maderismo y el derrumbe del régimen.",Régimen Porfirista,Revolución Mexicana,introductorio|intermedio,en_revision
HIST2_0002,yaquis-memoria-territorio-participacion-politica,"Yaquis. Memoria, territorio y participación política",Regina Tapia y Veremundo Carrillo Reveles (coordinadores); obra colectiva de siete capítulos con autorías identificadas en el índice.,2025,Libro colectivo de investigación histórica,Abierto,https://www.inehrm.gob.mx/recursos/Libros/2025_yaquis_memoria_territorio_yparticipacion_politica.pdf,"Este libro colectivo estudia la historia yaqui desde tres ejes: territorio, participación política y memoria. Explica el sentido cultural del valle y el río, el despojo asociado a la mercantilización de la tierra a finales del siglo XIX y las posibilidades, límites y continuidades del reparto agrario posrevolucionario. Analiza estrategias de agencia, negociación, rebelión, elecciones y protesta pacífica; recupera las memorias de mujeres sobre guerra y deportación; y problematiza las políticas de incorporación nacional entre 1935 y 1951. Un capítulo final relaciona la resistencia histórica con conflictos hídricos contemporáneos.",Régimen Porfirista,Revolución Mexicana|Estado surgido de la Revolución|Neoliberalismo y alternancia,intermedio|avanzado,en_revision
HIST2_0003,sistema-politico-mexicano,El sistema político mexicano,"Administración y Gestión Pública; docentes y responsable de carrera, Universidad Abierta y a Distancia de México",2016,Texto de apoyo,Abierto,https://dmd.unadmexico.mx/contenidos/DCSA/MODULOS/AGP/M4_AGSPAM/U2/S4/descargables/AGP_M4_U2_S4_TA.pdf,"El texto presenta el sistema político mexicano como resultado de procesos sociales, económicos, culturales e institucionales. Usa el Porfiriato y la Revolución como antecedentes, aborda la Constitución de 1917 y explica la organización del Ejecutivo, Legislativo, Judicial y sistema federal. Después desarrolla partidos, sistema electoral, presidencialismo, cacicazgos y corporativismo, con atención a la formación del PNR y el PRM. También recorre movimientos estudiantiles, reforma política, crisis de los años ochenta, privatización y alternancia. Su perspectiva es panorámica e institucional, por lo que requiere mediación y contraste de sus interpretaciones.",Consolidación del sistema político autoritario,Estado surgido de la Revolución|Neoliberalismo y alternancia|Régimen Porfirista|Revolución Mexicana,intermedio|avanzado,en_revision
HIST2_0004,crisis-del-porfirismo,La Revolución y los revolucionarios. Tomo I: La crisis del Porfirismo,José C. Valadés,2013,Fuente primaria / documental,Abierto,https://inehrm.gob.mx/work/models/inehrm/Resource/455/1/images/Tomo_I.pdf,"El volumen reúne artículos, entrevistas y reportajes de José C. Valadés que documentan manifestaciones de descontento político y social durante el final del Porfiriato. El índice organiza relatos sobre Catarino Garza, Teresa Urrea y la rebelión de Tomóchic, Santanón, acciones de 1906, maderismo, Ramón Corral, reyismo y precursores de Madero. La obra permite examinar oposiciones regionales, represión, disputas entre élites y redes periodísticas como antecedentes del proceso revolucionario. Por su naturaleza testimonial y periodística, conviene contrastar voces, fechas y valoraciones con estudios historiográficos recientes.",Régimen Porfirista,Revolución Mexicana,avanzado,en_revision
HIST2_0005,maderismo,La Revolución y los revolucionarios. Tomo II: Maderismo,José C. Valadés,2014,Fuente primaria / documental,Abierto,https://inehrm.gob.mx/work/models/inehrm/Resource/455/1/images/LaRevolucionRevolucionarioTII.pdf,"El tomo examina el maderismo mediante seis núcleos: la insurrección de 1910 en Sinaloa, los Tratados de Ciudad Juárez, memorias y documentos sobre Francisco I. Madero, los últimos días de su gobierno, documentos del archivo de Pablo González sobre su muerte y entrevistas a Félix Díaz y José de la Luz Blanco. Permite analizar cómo la correspondencia y los testimonios ponen en tensión versiones sobre el antirreeleccionismo, las negociaciones de 1911, el proyecto democrático maderista y la Decena Trágica. Su carácter testimonial y periodístico exige contextualizar la perspectiva de Valadés y contrastar documentos, silencios e interpretaciones.",Revolución Mexicana,,avanzado,en_revision
HIST2_0006,revolucion-constitucionalista,La Revolución y los revolucionarios. Tomo III: La revolución constitucionalista,José C. Valadés,2014,Fuente primaria / documental,Abierto,https://inehrm.gob.mx/work/models/inehrm/Resource/455/1/images/Tomo_III.pdf,"El tomo presenta la revolución constitucionalista desde materiales documentales y testimoniales vinculados a múltiples facciones del segundo decenio del siglo XX. La presentación institucional destaca las trayectorias conflictivas de Venustiano Carranza frente a Victoriano Huerta, Félix Díaz, Francisco Villa y Emiliano Zapata. En el facsímil se identifica una sección dedicada al carrancismo a partir del archivo de Carranza y a su actuación en los últimos días de Madero. Es un recurso pertinente para analizar legitimidad, conflicto entre facciones y construcción de versiones históricas, siempre mediante lectura selectiva y contraste historiográfico.",Revolución Mexicana,,avanzado,en_revision
HIST2_0007,teorizando-revolucion-mexicana,Teorizando sobre la Revolución Mexicana: interpretaciones de sus historiadores y cronistas,Juan Gómez-Quiñones,2015,Ensayo académico,Abierto,https://inehrm.gob.mx/recursos/Libros/TeorizandoSobreRevolucionMex.pdf,"La obra cuestiona las explicaciones fragmentarias de la Revolución Mexicana y propone entenderla como un proceso social, político, económico y cultural de larga duración. Revisa cuatro explicaciones historiográficas, periodiza el proceso entre 1899 y 1940 y desarrolla un paradigma incluyente que examina mujeres, élites, obreros, pueblos indígenas, fuerzas armadas, intereses estadounidenses, Estado, género, raza, clase, etnicidad, cultura y espacio. Es una lectura para problematizar conceptos, comparar interpretaciones y reconocer que las categorías historiográficas también contienen decisiones teóricas y políticas.",Revolución Mexicana,Régimen Porfirista|Estado surgido de la Revolución,avanzado,en_revision
HIST2_0008,documentos-fundamentales-revolucion-mexicana,Documentos fundamentales de la Revolución Mexicana,Selección de documentos: Rafael Hernández Ángeles. Edición institucional del Instituto Nacional de Estudios Históricos de las Revoluciones de México (INEHRM).,2021,Compilación de fuentes primarias y documentales,Abierto,https://www.inehrm.gob.mx/recursos/Libros/Documentos_fundamentales_de_la_Revolucion_Mexicana.pdf,"La compilación permite estudiar la Revolución Mexicana mediante las voces normativas, políticas y periodísticas de sus actores y de los procesos que prolongaron sus reformas. Incluye antecedentes como el Programa del Partido Liberal Mexicano; documentos de la lucha revolucionaria —Plan de San Luis, Tratados de Ciudad Juárez, Plan de Ayala, Plan de Guadalupe y sus adiciones—; la Ley Agraria, el Pacto con la Casa del Obrero Mundial y artículos de la Constitución de 1917; así como documentos del cardenismo y de ampliación de derechos sociales y políticos. Su uso exige distinguir autoría, fecha, tipo de documento, propósito y límites de cada fuente.",Revolución Mexicana,Régimen Porfirista|Estado surgido de la Revolución|Consolidación del sistema político autoritario,intermedio|avanzado,en_revision
HIST2_0009,historia-militar-revolucion-epoca-maderista-tomo-1,Historia militar de la Revolución en la época maderista. Tomo I,Miguel A. Sánchez Lamego.,2020,Estudio histórico militar,Abierto,https://inehrm.gob.mx/recursos/Libros/HistoriaMilitarEpocaMaderistaT1.pdf,"El tomo presenta una interpretación militar de los antecedentes de la Revolución y de los levantamientos maderistas iniciales. Describe las fuerzas gubernamentales y las fuerzas revolucionarias, y recorre la expansión del movimiento por Chihuahua, Coahuila, Nuevo León, Tamaulipas, Sonora, Baja California, Sinaloa, Nayarit, Durango, Zacatecas, San Luis Potosí, Michoacán, Jalisco, Colima, Guerrero, Morelos, Puebla, Tlaxcala, Veracruz, Oaxaca, Tabasco, Chiapas, Yucatán, Estado de México, Hidalgo, Querétaro, Guanajuato y Aguascalientes. Aporta una lectura regional y cronológica de la fase maderista, pero su énfasis en campañas, fuerzas y jefaturas debe complementarse con fuentes sobre demandas sociales, vida civil, pueblos indígenas y mujeres.",Revolución Mexicana,Régimen Porfirista,avanzado,en_revision
HIST2_0010,historia-militar-revolucion-epoca-maderista-tomo-2,Historia militar de la Revolución en la época maderista. Tomo II,Miguel A. Sánchez Lamego.,2020,Estudio histórico militar,Abierto,https://inehrm.gob.mx/recursos/Libros/HistoriaMilitarEpocaMaderistaT2.pdf,"El tomo explica que, tras los Tratados de Ciudad Juárez, persistieron levantamientos y revueltas durante el gobierno interino de Francisco León de la Barra y el gobierno de Francisco I. Madero. Estudia la revolución magonista vinculada con los hermanos Flores Magón y la consigna Tierra y Libertad, y sigue la revolución zapatista desde junio de 1911 hasta febrero de 1913. Describe el conflicto en Morelos, las campañas federales de Juvencio Robles y Felipe Ángeles, y las resonancias zapatistas en otros estados. Es útil para comparar proyectos revolucionarios, estrategias de conflicto y escalas regionales, con la reserva de que privilegia la mirada militar y gubernamental.",Revolución Mexicana,Régimen Porfirista,avanzado,en_revision
HIST2_0011,historia-militar-revolucion-epoca-maderista-tomo-3,Historia militar de la Revolución en la época maderista. Tomo III,Miguel A. Sánchez Lamego.,2020,Estudio histórico militar,Abierto,https://inehrm.gob.mx/recursos/Libros/HistoriaMilitarEpocaMaderistaT3.pdf,"El tomo estudia la fragmentación política y militar durante el gobierno maderista. Presenta la revolución vazquista vinculada con el Plan de Tacubaya, la disidencia reyista y sus antecedentes porfiristas, y las dos fases de la revolución orozquista: guerra regular en Chihuahua y guerra de guerrillas en varios estados del norte. También aborda la revuelta felicista y la asonada militar iniciada el 9 de febrero de 1913 en la Ciudad de México. Permite estudiar facciones, legitimidad, alianzas y crisis, aunque su forma de narrar privilegia jefaturas, tropas y operaciones sobre otros sujetos y experiencias sociales.",Revolución Mexicana,Régimen Porfirista,avanzado,en_revision
HIST2_0012,revolucion-mexicana-laboratorio-visual-fotografos-camaras,La Revolución Mexicana. Un laboratorio visual entre fotógrafos y cámaras,Jehiely Hernández.,2025,Ensayo histórico de cultura visual,Abierto,https://www.inehrm.gob.mx/es/inehrm/La_Revolucion_Mexicana_Un_laboratorio_visual_entre_fotografos_y_camaras,"El texto explica cómo la fotografía y el cine registraron, informaron y construyeron memorias de la Revolución Mexicana. Analiza el oficio de fotógrafos de gabinete y de prensa, las tecnologías de cámara e impresión, la circulación de imágenes, el fotoperiodismo, las agencias y los archivos. Examina casos como Ciudad Juárez, Francisco Villa, la Decena Trágica, Casasola, fotógrafos regionales y Sara Castrejón. Propone tratar cada imagen como un documento situado, con autoría, técnica, propósito, circulación e intereses, y usarla para formular preguntas sobre violencia, vida cotidiana, trabajo, género, regiones y grupos históricamente invisibilizados.",Revolución Mexicana,Régimen Porfirista,intermedio|avanzado,en_revision
HIST2_0013,prensa-instrumento-cientifico-revolucion,La prensa como instrumento científico en tiempos de la Revolución,Victoria Alejandra Ruiz Vera.,2022,Expediente digital de divulgación histórica,Abierto,https://inehrm.gob.mx/es/inehrm/La_prensa_comoinstrumento_tiempos_de_revolucion,"El expediente explica que, durante el final del Porfiriato, la Revolución y la reconstrucción, la prensa especializada y popular hizo circular conocimientos científicos cuando las instituciones, los museos y los gabinetes enfrentaban límites materiales o interrupciones. El caso de la teratología permite analizar cómo periódicos, revistas, catálogos, fotografías, grabados y museos difundían y legitimaban saberes, y cómo se representaban cuerpos clasificados históricamente como anormales. Incluye referencias a sociedades científicas, Museo Nacional, Casasola, Alfredo Dugès, José Guadalupe Posada y la educación pública posrevolucionaria. La lectura exige un tratamiento ético: su vocabulario y algunas imágenes pertenecen a un marco histórico que debe contextualizarse críticamente, sin convertir la diferencia corporal en espectáculo ni en diagnóstico actual.",Revolución Mexicana,Régimen Porfirista|Estado surgido de la Revolución,intermedio|avanzado,en_revision
HIST2_0014,relaciones-mexico-estados-unidos-1911-1918,"Relaciones México-Estados Unidos, 1911-1918",Instituto Nacional de Estudios Históricos de las Revoluciones de México (INEHRM); autoría individual no identificada en el PDF consultado.,2018,Artículo histórico institucional,Abierto,https://inehrm.gob.mx/es/inehrm/Relaciones_Mexico-Estados_Unidos_1911-1918,"El artículo presenta las tensiones entre México y Estados Unidos desde la presidencia de Madero hasta la etapa carrancista. Examina la movilización militar estadounidense de 1911, el papel del embajador Henry Lane Wilson durante la Decena Trágica, la ocupación de Veracruz de 1914, las negociaciones y mediaciones internacionales, la cuestión petrolera, el ataque a Columbus, la Expedición Punitiva, el enfrentamiento de Carrizal, el telegrama Zimmermann y la neutralidad de México ante la Primera Guerra Mundial. También registra restricciones comerciales, reclutamiento de mexicanos residentes en Estados Unidos y gestiones diplomáticas. La lectura permite analizar soberanía y relaciones internacionales mediante fuentes documentales, siempre distinguiendo los hechos, las voces citadas y la interpretación institucional que organiza el relato.",Revolución Mexicana,Estado surgido de la Revolución,intermedio|avanzado,en_revision
HIST2_0015,elecciones-sistema-politico,Las elecciones y el sistema político,José Antonio Aguilar Rivera (Centro de Investigación y Docencia Económicas).,2021,Artículo / reseña historiográfica,Abierto,https://historiamexicana.colmex.mx/index.php/RHM/article/view/4313/4529,"José Antonio Aguilar Rivera reconstruye los cambios en la manera de estudiar las elecciones y el sistema político mexicano desde los artículos publicados en Historia Mexicana. Explica que interpretaciones anteriores, marcadas por la experiencia del autoritarismo posrevolucionario, tendían a ver los comicios como rituales formales o mecanismos secundarios. Revisa la renovación de la historia electoral a partir de la democratización, el estudio de prácticas locales, ciudadanía, comunidades indígenas, prensa, facciones y constitucionalismo. Para el periodo posrevolucionario discute la competencia de los años veinte, la no reelección legislativa, el PNR y las condiciones de la hegemonía priista. Propone entender las elecciones como prácticas históricas cuyo sentido, eficacia y relación con el poder cambian según el contexto.",Consolidación del sistema político autoritario,Estado surgido de la Revolución|Neoliberalismo y alternancia,avanzado,en_revision
HIST2_0016,sistema-politico-etapa-clasica,El sistema político mexicano: la etapa clásica,José Carbonell.,2002,Ensayo / estudio político,Abierto,https://archivos.juridicas.unam.mx/www/bjv/libros/1/181/4.pdf,"José Carbonell propone una caracterización de la etapa clásica del sistema político mexicano, que delimita entre 1940 y 1982, aunque reconoce crisis desde 1968 y persistencias posteriores. Explica el presidencialismo como eje del régimen y analiza su relación con el PRI, los poderes Legislativo y Judicial, la sucesión presidencial, las elecciones, la oposición, el federalismo y la economía. Describe un sistema autoritario y corporativo cuya estabilidad se apoyaba en control político, disciplina, inclusión canalizada, legitimidad de origen revolucionario, desempeño económico, cooptación y recursos estatales. El capítulo permite analizar el funcionamiento institucional del autoritarismo, pero exige contextualizar su lenguaje y sus tesis como una interpretación elaborada en 2002, no como descripción invariable de toda la historia política de México.",Consolidación del sistema político autoritario,Estado surgido de la Revolución|Neoliberalismo y alternancia,avanzado,en_revision
HIST2_0017,sistema-politico-desarrollo-reacomodo-poder,Sistema político mexicano: desarrollo y reacomodo del poder,Juan Pablo Navarrete Vela.,2008,Artículo académico,Abierto,https://www.redalyc.org/pdf/2110/211015582008.pdf,"Juan Pablo Navarrete Vela estudia el reacomodo del poder en México a partir de las reformas político-electorales y de la transformación del sistema de partido hegemónico hacia mayor competencia. Revisa la apertura de 1977, las reformas de 1986, 1989-1990, 1993, 1994, 1996 y 2007, y relaciona los comicios de 1988, 1994, 1997, 2000 y 2006 con pluralismo, alternancia y gobiernos divididos. El artículo sostiene que la transición fue gradual y que la democracia electoral no equivalía todavía a una democracia consolidada. Sus interpretaciones sobre el IFE, los partidos y las elecciones de 2006-2008 son propias de esa coyuntura; sirven para analizar preguntas de reforma y legitimidad, no para describir automáticamente el sistema político actual.",Neoliberalismo y alternancia,Consolidación del sistema político autoritario,intermedio|avanzado,en_revision
HIST2_0018,resena-loaeza-sombra-superpotencia,"Sobre Soledad Loaeza, A la sombra de la superpotencia: tres presidentes mexicanos en la Guerra Fría, 1945-1958",Pablo Kalax Orozco Barriga (El Colegio de México).,2024,Artículo / reseña historiográfica,Abierto,https://www.scielo.org.mx/scielo.php?pid=S2448-65312024000300448&script=sci_arttext,"La reseña presenta el libro de Soledad Loaeza como una explicación histórica de la modernización e institucionalización del presidencialismo mexicano bajo las presiones de Estados Unidos y la Guerra Fría. Según la síntesis de Pablo Kalax Orozco Barriga, Loaeza rechaza imaginar a los presidentes como omnipotentes y destaca sus límites, márgenes de negociación e independencia relativa. La obra reseñada estudia a Manuel Ávila Camacho, Miguel Alemán y Adolfo Ruiz Cortines, así como coyunturas de 1945 a 1958. El reseñista valora su originalidad, pero cuestiona su caracterización de cardenistas y lombardistas y considera insuficiente la discusión sobre corrupción y autoritarismo. La lectura permite trabajar cómo una reseña reconstruye, evalúa y discute una interpretación historiográfica, no sustituir la lectura del libro reseñado.",Consolidación del sistema político autoritario,Estado surgido de la Revolución,avanzado,en_revision
HIST2_0019,porfirio-diaz-constitucion-dictadura-reeleccion,"Porfirio Díaz (1830-1915): La Constitución, la dictadura y la reelección",Imer B. Flores.,2015,Ensayo académico,Abierto,https://archivos.juridicas.unam.mx/www/bjv/libros/9/4121/9.pdf,"Imer B. Flores propone un balance crítico de la relación entre Porfirio Díaz y el derecho. Reconoce la dimensión militar y modernizadora del personaje, pero centra su argumento en la paradoja de haber combatido la reelección de Juárez y Lerdo mediante los planes de La Noria y Tuxtepec, para después favorecer reformas que permitieron su permanencia indefinida. Explica que la reforma de 1878 prohibió la reelección inmediata, que la de 1887 la admitió una vez y que la de 1890 dejó de limitarla; interpreta esta secuencia como una ""constitucionalización de la dictadura"" por vulnerar el principio republicano de alternabilidad. El texto enlaza este problema con la Revolución de 1910, la reforma de 1911 y la prohibición posterior de reelección presidencial, a la vez que discute interpretaciones de Rabasa, Garner y otros autores. Su enfoque es jurídico-normativo: ofrece una tesis argumentada sobre legalidad, legitimidad y límites del poder, no una explicación total de la experiencia social del Porfiriato.",Régimen Porfirista,Revolución Mexicana,intermedio|avanzado,en_revision
HIST2_0020,felipe-angeles-general-revolucionario-generoso-academico,"Felipe Ángeles: El general revolucionario y el generoso académico. Entre la milicia, la física y las matemáticas",Faustino Sánchez Garduño.,2024,Libro digital,Abierto,https://www.inehrm.gob.mx/recursos/Libros/2024_felipe_angeles_elgral_revolucionario_yel_generoso_academico.pdf,"Faustino Sánchez Garduño reconstruye a Felipe Ángeles como militar, docente, autor científico y actor de la Revolución Mexicana. El libro explica su formación en el Colegio Militar, su labor académica y sus estudios de balística, y sigue su actuación en Morelos, la Decena Trágica, la oposición a Victoriano Huerta, el constitucionalismo, la toma de Zacatecas, la Convención de Aguascalientes, su relación crítica con Villa, el exilio, su retorno, consejo de guerra y fusilamiento. Para la materia, aporta un caso situado para estudiar lealtad institucional, golpe de Estado, facciones revolucionarias, disputas entre constitucionalismo y convencionismo, programas políticos y debates sobre educación, democracia y justicia. La obra no presenta una historia general de la Revolución: organiza esos procesos desde la trayectoria de Ángeles y formula interpretaciones explícitas sobre Huerta, Carranza, Villa y el juicio militar.",Revolución Mexicana,,intermedio|avanzado,en_revision
